name,tokenID,holders,date,tokenSniffer
RobotFox,0xd672b3dc96a979c47a36c888c833d1edada98d18,223,2021-11-01,https://tokensniffer.com/token/0xd672b3dc96a979c47a36c888c833d1edada98d18
FlokiRich,0x02e5dcff0b06f3aac19673486d136443d9841d31,425,2021-11-01,https://tokensniffer.com/token/0x02e5dcff0b06f3aac19673486d136443d9841d31
NeetFinance.com,0xcff58cf16064f51bb3139ef98ed39b479c79c18a,724,2021-11-01,https://tokensniffer.com/token/0xcff58cf16064f51bb3139ef98ed39b479c79c18a
MILITIA (MILIT),0xeea7c025b1eee9527d631094d45ff9ce5d830b6f,2687,2021-11-01,https://tokensniffer.com/token/0xeea7c025b1eee9527d631094d45ff9ce5d830b6f
CryptoMotorcycle,0x8255e7b6fd3467adf0c092a18ae01879627a9755,1795,2021-11-01,https://tokensniffer.com/token/0x8255e7b6fd3467adf0c092a18ae01879627a9755
APYSwap (APYS),0x37dfacfaeda801437ff648a1559d73f4c40aacb7,2560,2021-11-01,https://tokensniffer.com/token/0x37dfacfaeda801437ff648a1559d73f4c40aacb7
Ultra Shiba (UShib),0x335ec3caed1a102b8b7317f55ddead59061f999d,1079,2021-11-01,https://tokensniffer.com/token/0x335ec3caed1a102b8b7317f55ddead59061f999d
Viva Classic (VIVA),0xc18083cc09da5fb3e29ae39e186a817efce6cb3f,1082,2021-11-01,https://tokensniffer.com/token/0xc18083cc09da5fb3e29ae39e186a817efce6cb3f
Doge Long,0xbb1ad6e402ee6dacfe03a8ea46528f574cd31670,1682,2021-11-01,https://tokensniffer.com/token/0xbb1ad6e402ee6dacfe03a8ea46528f574cd31670
RoyalADA_Dividend_Tracker,0x2ce639158ae3514e5361feee91b01a9a81c63ac2,2254,2021-11-01,https://tokensniffer.com/token/0x2ce639158ae3514e5361feee91b01a9a81c63ac2
RoyalADA,0xa3ae1d90fd704b0604acb8ca840b0272e32973dd,2877,2021-11-01,https://tokensniffer.com/token/0xa3ae1d90fd704b0604acb8ca840b0272e32973dd
Miami Token (MIA),0x5417f8559ee78f0e77589109d605246c89dd01c9,353,2021-11-01,https://tokensniffer.com/token/0x5417f8559ee78f0e77589109d605246c89dd01c9
Shibarmy,0x1224cabc48e750a38a85f040b48c33925b61a765,730,2021-11-01,https://tokensniffer.com/token/0x1224cabc48e750a38a85f040b48c33925b61a765
MetaZillaDoge,0x19ffd1514ab11255b3dad68d7586222d96e00f26,2264,2021-11-01,https://tokensniffer.com/token/0x19ffd1514ab11255b3dad68d7586222d96e00f26
Gaia Everworld,0x172ad252f55e11d3dfea459b8630e64b944005b5,1273,2021-11-01,https://tokensniffer.com/token/0x172ad252f55e11d3dfea459b8630e64b944005b5
HERON (HERON),0x90451265fd0598e088e42c1768d6211f0978954a,2910,2021-11-01,https://tokensniffer.com/token/0x90451265fd0598e088e42c1768d6211f0978954a
TaiChi (TAC),0xe49bfc53a195a62d78a941a1967d7b0f83a47c14,556,2021-11-01,https://tokensniffer.com/token/0xe49bfc53a195a62d78a941a1967d7b0f83a47c14
Chimeras (CHIM),0xd020eacdb8f2ef0fc256b9fe3d5ce21146a9e6b8,4558,2021-11-01,https://tokensniffer.com/token/0xd020eacdb8f2ef0fc256b9fe3d5ce21146a9e6b8
GamiWorld.io (GAMI),0x1236a887ef31b4d32e1f0a2b5e4531f52cec7e75,1689,2021-11-01,https://tokensniffer.com/token/0x1236a887ef31b4d32e1f0a2b5e4531f52cec7e75
Meta Cat (MCAT),0x0ead9d6bda8408cc34e938ea35559db738a7c76a,2094,2021-11-01,https://tokensniffer.com/token/0x0ead9d6bda8408cc34e938ea35559db738a7c76a
WeedPay (WPAY),0xffc4c75c3f648d7c6b43228118e535179319ca0f,3021,2021-11-01,https://tokensniffer.com/token/0xffc4c75c3f648d7c6b43228118e535179319ca0f
ChainLink Token,0x404460c6a5ede2d891e8297795264fde62adbb75,928,2021-11-01,https://tokensniffer.com/token/0x404460c6a5ede2d891e8297795264fde62adbb75
SATSINU,0x42ed24317813bc56a634c2d627614ad9f84e523b,241,2021-11-01,https://tokensniffer.com/token/0x42ed24317813bc56a634c2d627614ad9f84e523b
AnchorSwap Token,0x4aac18de824ec1b553dbf342829834e4ff3f7a9f,1803,2021-11-01,https://tokensniffer.com/token/0x4aac18de824ec1b553dbf342829834e4ff3f7a9f
Sulgecoin (SUG),0x668a5163991662ca5098b2c1357cb73bbcb88a4f,638,2021-11-01,https://tokensniffer.com/token/0x668a5163991662ca5098b2c1357cb73bbcb88a4f
Olympia (OLP),0x79395a77c8ddbefb74f242242960cac7368fd64e,311,2021-11-01,https://tokensniffer.com/token/0x79395a77c8ddbefb74f242242960cac7368fd64e
CoinToFish V2,0x55e00121241d6870324a8e6dffaabbe2e0359863,2482,2021-11-01,https://tokensniffer.com/token/0x55e00121241d6870324a8e6dffaabbe2e0359863
PomPom (POM),0xff8372d6065ae97791e17e58e56a27c6ac16ba87,240,2021-11-01,https://tokensniffer.com/token/0xff8372d6065ae97791e17e58e56a27c6ac16ba87
AlienEyez,0x9fed77c4546ad5dfdfd89990dba0bd020c6b961b,691,2021-11-01,https://tokensniffer.com/token/0x9fed77c4546ad5dfdfd89990dba0bd020c6b961b
LunaPad,0xd1fdf57241df3c36dad469060cac9f1ea2ee7585,4391,2021-11-01,https://tokensniffer.com/token/0xd1fdf57241df3c36dad469060cac9f1ea2ee7585
FlokiBonk (FLOBO),0x9d3e14b607b2f569cfafe29af71e811d7e575cfe,1321,2021-11-01,https://tokensniffer.com/token/0x9d3e14b607b2f569cfafe29af71e811d7e575cfe
Ocean Protocol,0xdce07662ca8ebc241316a15b611c89711414dd1a,1648,2021-11-01,https://tokensniffer.com/token/0xdce07662ca8ebc241316a15b611c89711414dd1a
Fraternity Coin,0x226039d64cd91e06bdacf67022b0369d47c2ba7a,1886,2021-11-01,https://tokensniffer.com/token/0x226039d64cd91e06bdacf67022b0369d47c2ba7a
Cake-LP,0x3c2b7b578dd2175a1c3524aa0d515106282bf108,410,2021-11-01,https://tokensniffer.com/token/0x3c2b7b578dd2175a1c3524aa0d515106282bf108
Nexus Token ($NEXUS),0x201ec81532fca95fbb45204d6764d1a9eed08856,2078,2021-11-01,https://tokensniffer.com/token/0x201ec81532fca95fbb45204d6764d1a9eed08856
Sappchat (APP),0x097f8ae21e81d4f248a2e2d18543c6b3cc0d8e59,497,2021-11-01,https://tokensniffer.com/token/0x097f8ae21e81d4f248a2e2d18543c6b3cc0d8e59
SpiritF,0x16cc8665d182dffa29052718c225e08e26daf876,348,2021-11-01,https://tokensniffer.com/token/0x16cc8665d182dffa29052718c225e08e26daf876
AutoCrypto (AU),0x8ea2f890cb86dfb0e376137451c6fd982afefc15,2877,2021-11-01,https://tokensniffer.com/token/0x8ea2f890cb86dfb0e376137451c6fd982afefc15
Metis Token (Metis),0xe552fb52a4f19e44ef5a967632dbc320b0820639,388,2021-11-01,https://tokensniffer.com/token/0xe552fb52a4f19e44ef5a967632dbc320b0820639
Elk (ELK),0xe1c110e1b1b4a1ded0caf3e42bfbdbb7b5d7ce1c,1171,2021-11-01,https://tokensniffer.com/token/0xe1c110e1b1b4a1ded0caf3e42bfbdbb7b5d7ce1c
BOOMSHIBA,0x14af0e9d51d9fe25c1675cc580409b640286167f,4753,2021-11-01,https://tokensniffer.com/token/0x14af0e9d51d9fe25c1675cc580409b640286167f
BoomShiba_Dividend_Tracker,0x5b5e0dfc9215b4a09139fb5960da1376c416c375,454,2021-11-01,https://tokensniffer.com/token/0x5b5e0dfc9215b4a09139fb5960da1376c416c375
Apenomics (APEN),0xf4d0e0805c593f796fdb894ec6420e80db503ef5,526,2021-11-01,https://tokensniffer.com/token/0xf4d0e0805c593f796fdb894ec6420e80db503ef5
Wrapped SSB (WSSB),0xdfe4c709c473c301c151749e54a57f34928a04d4,641,2021-11-01,https://tokensniffer.com/token/0xdfe4c709c473c301c151749e54a57f34928a04d4
ONLY HYPE TOKEN,0xf9f546af036d3166b59027ec15892d0cde808fd8,907,2021-11-01,https://tokensniffer.com/token/0xf9f546af036d3166b59027ec15892d0cde808fd8
(),0xf8b074291974e2b360309ddbc1393769595c7565,2393,2021-11-01,https://tokensniffer.com/token/0xf8b074291974e2b360309ddbc1393769595c7565
Project Deer (Deer),0x8b8e88776f980895427388528b3f7e0dbf794524,1699,2021-11-01,https://tokensniffer.com/token/0x8b8e88776f980895427388528b3f7e0dbf794524
NFTY Token (NFTY),0x5774b2fc3e91af89f89141eacf76545e74265982,4651,2021-11-01,https://tokensniffer.com/token/0x5774b2fc3e91af89f89141eacf76545e74265982
Cloud9bsc.finance,0xe1af6f4e0d2753749120a825632b6ecc11012280,774,2021-11-01,https://tokensniffer.com/token/0xe1af6f4e0d2753749120a825632b6ecc11012280
Stabledoc Token,0x543c7ebb52d56985f63f246a5b3558aff79037d7,3061,2021-11-01,https://tokensniffer.com/token/0x543c7ebb52d56985f63f246a5b3558aff79037d7
GatorSwap Token,0x88371dec00bc3543231e01089c3dc6d94289d4af,3002,2021-11-01,https://tokensniffer.com/token/0x88371dec00bc3543231e01089c3dc6d94289d4af
UP (UP),0xb4e8d978bff48c2d8fa241c0f323f71c1457ca81,2051,2021-11-01,https://tokensniffer.com/token/0xb4e8d978bff48c2d8fa241c0f323f71c1457ca81
Cake-LP,0x74e4716e431f45807dcf19f284c7aa99f18a4fbc,2299,2021-11-01,https://tokensniffer.com/token/0x74e4716e431f45807dcf19f284c7aa99f18a4fbc
HAM_Dividend_Tracker,0x5313d889e8ed53e0e734361b0f0aa737dd4df650,3706,2021-11-01,https://tokensniffer.com/token/0x5313d889e8ed53e0e734361b0f0aa737dd4df650
Ridotto (RDT),0xe9c64384deb0c2bf06d991a8d708c77eb545e3d5,1026,2021-11-01,https://tokensniffer.com/token/0xe9c64384deb0c2bf06d991a8d708c77eb545e3d5
HYVE (HYVE),0xf6565a97dc832d93dc83b75ee9aa5c7e8ecb0f9d,1017,2021-11-01,https://tokensniffer.com/token/0xf6565a97dc832d93dc83b75ee9aa5c7e8ecb0f9d
MINISAFEMOONINUV2,0x22eaaabcec2f8f6cf5451138c09df10bdef57a54,1646,2021-11-01,https://tokensniffer.com/token/0x22eaaabcec2f8f6cf5451138c09df10bdef57a54
Freedom Gold (FRG),0x525e6f5ea64b6750c18b97ce535177f680f15211,1809,2021-11-01,https://tokensniffer.com/token/0x525e6f5ea64b6750c18b97ce535177f680f15211
PontoonToken (TOON),0xaee433adebe0fbb88daa47ef0c1a513caa52ef02,1027,2021-11-01,https://tokensniffer.com/token/0xaee433adebe0fbb88daa47ef0c1a513caa52ef02
SOLANA (SOL),0x570a5d26f7765ecb712c0924e4de545b89fd43df,3665,2021-11-01,https://tokensniffer.com/token/0x570a5d26f7765ecb712c0924e4de545b89fd43df
DareNFT (DNFT),0x88025caf4cfa68b5bfdebad52a748e2e339bb32c,4584,2021-11-01,https://tokensniffer.com/token/0x88025caf4cfa68b5bfdebad52a748e2e339bb32c
Shibanomi (SHIO),0x0c251e67d41efc33a9d3264a5492f63f743ca87c,2031,2021-11-01,https://tokensniffer.com/token/0x0c251e67d41efc33a9d3264a5492f63f743ca87c
Good Games Guild,0xe0e52c4ada64f166ce1e986deb1ea554dfa743d9,848,2021-11-01,https://tokensniffer.com/token/0xe0e52c4ada64f166ce1e986deb1ea554dfa743d9
enaira (ENAIRA),0xd29009666f2b620f290e8dfab7ff64ca7834dea8,652,2021-11-01,https://tokensniffer.com/token/0xd29009666f2b620f290e8dfab7ff64ca7834dea8
Baby Tiger King,0xb539242985ac83737aadee909f486d46178587c4,1809,2021-11-01,https://tokensniffer.com/token/0xb539242985ac83737aadee909f486d46178587c4
ScooBNBDoo_Dividend_Tracker,0xa2a42df06dec8c090c2b1df523a569980d13f82b,361,2021-11-01,https://tokensniffer.com/token/0xa2a42df06dec8c090c2b1df523a569980d13f82b
Predator Game,0xa1e34c4d25de38f0491f8b7b279c254f45e7d8e3,4335,2021-11-01,https://tokensniffer.com/token/0xa1e34c4d25de38f0491f8b7b279c254f45e7d8e3
BonusFloki,0x8a0ba7b72ea404c995818ba5d6f0229e359e873c,3427,2021-11-01,https://tokensniffer.com/token/0x8a0ba7b72ea404c995818ba5d6f0229e359e873c
MoonstaRevenge Token,0xc0dc059e59b48016bca8c8f57a3b40fd08b3bd77,2058,2021-11-01,https://tokensniffer.com/token/0xc0dc059e59b48016bca8c8f57a3b40fd08b3bd77
ShillToken_Dividend_Tracker,0x61db65023e94995a08c1dd01fea7ec3b4540c275,783,2021-11-01,https://tokensniffer.com/token/0x61db65023e94995a08c1dd01fea7ec3b4540c275
Seed (SEED),0x4bc6e19ee0f1e034a927990c76b418c2a95e326f,4771,2021-11-01,https://tokensniffer.com/token/0x4bc6e19ee0f1e034a927990c76b418c2a95e326f
Shibareum Inu,0x532df54ea14e595ea912f34b5783f24f3da785d4,231,2021-11-01,https://tokensniffer.com/token/0x532df54ea14e595ea912f34b5783f24f3da785d4
Buffed Kishu (BKISHU),0x5df2a4e44c25532326d5aad71c19a9976784320f,926,2021-11-01,https://tokensniffer.com/token/0x5df2a4e44c25532326d5aad71c19a9976784320f
DogeTuition (DT),0xee0e9c1ae0c8e56fbd8ede84e25142d3291fef58,912,2021-11-01,https://tokensniffer.com/token/0xee0e9c1ae0c8e56fbd8ede84e25142d3291fef58
Sea Token (SEA),0x5b31d474dcadc1c2a1dfc7d4562b2268b0feea43,1054,2021-11-01,https://tokensniffer.com/token/0x5b31d474dcadc1c2a1dfc7d4562b2268b0feea43
$Pulsar,0x427febb891bf5144b36125c6704168324dc9c6df,1729,2021-11-01,https://tokensniffer.com/token/0x427febb891bf5144b36125c6704168324dc9c6df
POCOX Token (POCOX),0x07ee4a4103a74749c989ac3436aa6a7243f4af29,2581,2021-11-01,https://tokensniffer.com/token/0x07ee4a4103a74749c989ac3436aa6a7243f4af29
Elon,0x2bfd26116c6321be08ef5374b4e42814c14a042d,2749,2021-11-01,https://tokensniffer.com/token/0x2bfd26116c6321be08ef5374b4e42814c14a042d
Bay Token (BAY),0x5f64b52b76c708030185aa79a3af383a96c2a6d3,1285,2021-11-01,https://tokensniffer.com/token/0x5f64b52b76c708030185aa79a3af383a96c2a6d3
ibBUSD (ibBUSD),0xe0d1130def49c29a4793de52eac680880fc7cb70,2790,2021-11-01,https://tokensniffer.com/token/0xe0d1130def49c29a4793de52eac680880fc7cb70
MoonX (MOonX),0x88de478caab10f265d76acd1e46fc14722c3229e,1225,2021-11-01,https://tokensniffer.com/token/0x88de478caab10f265d76acd1e46fc14722c3229e
Milk (MILK),0xe5bd6c5b1c2df8f499847a545838c09e45f4a262,2693,2021-11-01,https://tokensniffer.com/token/0xe5bd6c5b1c2df8f499847a545838c09e45f4a262
Buff Shiba Coin,0x7dfa55aafe8a06e10806952ed02502ef413c3185,284,2021-11-01,https://tokensniffer.com/token/0x7dfa55aafe8a06e10806952ed02502ef413c3185
Boda_Busd_Dividend_Tracker,0x0b4a50a097848eea10e8848459ec1539645e5175,1938,2021-11-01,https://tokensniffer.com/token/0x0b4a50a097848eea10e8848459ec1539645e5175
EQIFi Token (EQX),0x436c52a8cee41d5e9c5e6f4cb146e66d552fb700,4927,2021-11-01,https://tokensniffer.com/token/0x436c52a8cee41d5e9c5e6f4cb146e66d552fb700
Mirai (MIRAI),0xe74c273ab62169656df1dd146f40e26baef5b057,3303,2021-11-01,https://tokensniffer.com/token/0xe74c273ab62169656df1dd146f40e26baef5b057
Save Mars (SMARS),0xd2da368fcb5912fb2c60669394504ab90b3fb6e7,2335,2021-11-01,https://tokensniffer.com/token/0xd2da368fcb5912fb2c60669394504ab90b3fb6e7
Gem Token (GEM),0x9fb4def63f8caec83cb3ebcc22ba0795258c988a,1201,2021-11-01,https://tokensniffer.com/token/0x9fb4def63f8caec83cb3ebcc22ba0795258c988a
pTokens EFX (EFX),0xc51ef828319b131b595b7ec4b28210ecf4d05ad0,1444,2021-11-01,https://tokensniffer.com/token/0xc51ef828319b131b595b7ec4b28210ecf4d05ad0
Gamma (GAM),0x51cb2cff2dc93291cc3a56d74dec731d5a9d3162,2350,2021-11-01,https://tokensniffer.com/token/0x51cb2cff2dc93291cc3a56d74dec731d5a9d3162
alturaV1ALU,0x92b8cc9b035648881a85790f2b4b15df970d86cd,3344,2021-11-01,https://tokensniffer.com/token/0x92b8cc9b035648881a85790f2b4b15df970d86cd
Cake-LP,0x8d8b74ea95c0689ac84ddc702d2953c6b2e9f48b,717,2021-11-01,https://tokensniffer.com/token/0x8d8b74ea95c0689ac84ddc702d2953c6b2e9f48b
metadoge (md),0x4f091b74373b11375f976e44a96e29e9204c1d2d,530,2021-11-01,https://tokensniffer.com/token/0x4f091b74373b11375f976e44a96e29e9204c1d2d
Biswap LPs (BSW-LP),0x2b30c317cedfb554ec525f85e79538d59970beb0,218,2021-11-01,https://tokensniffer.com/token/0x2b30c317cedfb554ec525f85e79538d59970beb0
SHIBACITY,0xd98617a57d16de25132b5169a264ccee0fccd872,2999,2021-11-01,https://tokensniffer.com/token/0xd98617a57d16de25132b5169a264ccee0fccd872
DIVIDEND_TRACKER,0xe7f694cdaa9233e3c76ad1c22702b2766b905516,3333,2021-11-01,https://tokensniffer.com/token/0xe7f694cdaa9233e3c76ad1c22702b2766b905516
Flokimooni (Flokim),0x0f5351b9eaefd6687dff143de6ea5d01cb9c1205,3520,2021-11-01,https://tokensniffer.com/token/0x0f5351b9eaefd6687dff143de6ea5d01cb9c1205
Corsac Token (CSCT),0x63ac1962ff47921cbf66f444b907f8ab93da4f08,388,2021-11-01,https://tokensniffer.com/token/0x63ac1962ff47921cbf66f444b907f8ab93da4f08
Crypto Puffs (PUFFS),0xee11db54b66e4dbb99d497573106615bb6ac03ab,1892,2021-11-01,https://tokensniffer.com/token/0xee11db54b66e4dbb99d497573106615bb6ac03ab
MetaFish Token,0xe15176bcb7633be736e94ab6aa2e57a7ed5988ab,3303,2021-11-01,https://tokensniffer.com/token/0xe15176bcb7633be736e94ab6aa2e57a7ed5988ab
Uniswap V2 (UNI-V2),0x64330c8accd74e8eb30894f341ef45c743b875b5,2971,2021-11-01,https://tokensniffer.com/token/0x64330c8accd74e8eb30894f341ef45c743b875b5
VERIFY (VFY),0x8ab03c1a8e094d6cb9f064a75fd0eff74acf6ccb,4339,2021-11-01,https://tokensniffer.com/token/0x8ab03c1a8e094d6cb9f064a75fd0eff74acf6ccb
Wault Migration Token,0x0ff047828e6794553ab804838b15b843b2ef377b,319,2021-11-01,https://tokensniffer.com/token/0x0ff047828e6794553ab804838b15b843b2ef377b
SquidGameProtocol,0x2cdc833216d5f76b89e51b66297da0bc2ac4fa7a,4100,2021-11-01,https://tokensniffer.com/token/0x2cdc833216d5f76b89e51b66297da0bc2ac4fa7a
Alpha Taurus Token,0x44655067025a40334184c2a68d584524f7837c60,296,2021-11-01,https://tokensniffer.com/token/0x44655067025a40334184c2a68d584524f7837c60
TeslaZilla,0x34055455f73a0ad833fa23d64b1c9e28321ed6fb,592,2021-11-01,https://tokensniffer.com/token/0x34055455f73a0ad833fa23d64b1c9e28321ed6fb
WND (WND),0xb2aa453b56b495cb95bc9fa72e7706b84e41ee54,4833,2021-11-01,https://tokensniffer.com/token/0xb2aa453b56b495cb95bc9fa72e7706b84e41ee54
STREAMER,0x20ad73b56168684c30403355e9b564f699b71850,1131,2021-11-01,https://tokensniffer.com/token/0x20ad73b56168684c30403355e9b564f699b71850
KishuBTC (KBTC),0x2632b6a9e29761b5f1b0c8b9b5b311e1ab0959e4,218,2021-11-01,https://tokensniffer.com/token/0x2632b6a9e29761b5f1b0c8b9b5b311e1ab0959e4
USDX (USDX),0x3e09215cff233101c485718ad512c168a5d164f3,2374,2021-11-01,https://tokensniffer.com/token/0x3e09215cff233101c485718ad512c168a5d164f3
Infinity Pad Token,0xf07dfc2ad28ab5b09e8602418d2873fcb95e1744,2946,2021-11-01,https://tokensniffer.com/token/0xf07dfc2ad28ab5b09e8602418d2873fcb95e1744
DogeKongZilla_Dividend_Tracker,0xa9dcad3a15706ba3bd6b490962fefc99653aaca5,917,2021-11-01,https://tokensniffer.com/token/0xa9dcad3a15706ba3bd6b490962fefc99653aaca5
Cake-LP,0xaddf6d9e77b862706c74af998f4bfe7c494bf8f1,881,2021-11-01,https://tokensniffer.com/token/0xaddf6d9e77b862706c74af998f4bfe7c494bf8f1
Warcraft Network,0x6dea293cd8789578f7ceb819c7273869cf77d715,524,2021-11-01,https://tokensniffer.com/token/0x6dea293cd8789578f7ceb819c7273869cf77d715
Goal Token (GOAL),0x438fc473ba340d0734e2d05acdf5bee775d1b0a4,346,2021-11-01,https://tokensniffer.com/token/0x438fc473ba340d0734e2d05acdf5bee775d1b0a4
DARIK COIN (DRC),0x611435c28097c03f264a605186e96d1eab71593d,2212,2021-11-01,https://tokensniffer.com/token/0x611435c28097c03f264a605186e96d1eab71593d
MaxCoin (MCX),0x76fac57ba54d4a87493e5cc537e17954bb41834f,258,2021-11-01,https://tokensniffer.com/token/0x76fac57ba54d4a87493e5cc537e17954bb41834f
FlameKeeper (FLAME),0xfaaa404735f33cdab5eae2fddfd375b92399853f,1116,2021-11-01,https://tokensniffer.com/token/0xfaaa404735f33cdab5eae2fddfd375b92399853f
MASTERCHEF_Dividend_Tracker,0x35192697d8d4d45cdf13a0e37dce624c3ace56b8,2318,2021-11-01,https://tokensniffer.com/token/0x35192697d8d4d45cdf13a0e37dce624c3ace56b8
